Workbook

Sheet Orders
A1: FY2025 Regional Orders
A3: OrderID | B3: OrderDate | C3: Region | D3: SalesRep | E3: Product | F3: Units | G3: UnitPrice | H3: DiscountPct | I3: NetRevenue | J3: Status | L3: North Total
A4: ORD-1001 | B4: 45661 | C4: North | D4: A. Shah | E4: Widget-A | F4: 120 | G4: 19.99 | H4: 0.05 | I4: =F4*G4*(1-H4) | J4: Closed | L4: =SUMIF(C4:C15,"North",I4:I15)
A5: ORD-1002 | B5: 45667 | C5: South | D5: J. Kim | E5: Widget-B | F5: 80 | G5: 29.5 | H5: 0 | I5: =F5*G5*(1-H5) | J5: Closed | L5: Closed Count
A6: ORD-1003 | B6: 45669 | C6: West | D6: P. Singh | E6: Service-X | F6: 15 | G6: 199 | H6: 0.1 | I6: =F6*G6*(1-H6) | J6: Pending | L6: =COUNTIF(J4:J15,"Closed")
A7: ORD-1004 | B7: 45689 | C7: East | D7: M. Rossi | E7: Widget-A | F7: 60 | G7: 19.99 | H7: 0.02 | I7: =F7*G7*(1-H7) | J7: Closed | L7: Avg Discount
A8: ORD-1005 | B8: 45695 | C8: North | D8: L. Brown | E8: Bundle-Z | F8: 22 | G8: 349 | H8: 0.15 | I8: =F8*G8*(1-H8) | J8: Cancelled | L8: =AVERAGE(H4:H15)
A9: ORD-1006 | B9: 45709 | C9: South | D9: A. Shah | E9: Widget-C | F9: 140 | G9: 12.75 | H9: 0.03 | I9: =F9*G9*(1-H9) | J9: Closed
A10: ORD-1007 | B10: 45719 | C10: West | D10: J. Kim | E10: Widget-B | F10: 95 | G10: 29.5 | H10: 0.07 | I10: =F10*G10*(1-H10) | J10: Closed | L10: Contains blank lines below for parser robustness
A11: ORD-1008 | B11: 45734 | C11: East | D11: P. Singh | E11: Service-X | F11: 9 | G11: 199 | H11: 0 | I11: =F11*G11*(1-H11) | J11: Pending
A12: ORD-1009 | B12: 45749 | C12: North | D12: M. Rossi | E12: Widget-C | F12: 200 | G12: 12.75 | H12: 0.08 | I12: =F12*G12*(1-H12) | J12: Closed
A13: ORD-1010 | B13: 45766 | C13: South | D13: L. Brown | E13: Bundle-Z | F13: 18 | G13: 349 | H13: 0.12 | I13: =F13*G13*(1-H13) | J13: Closed
A14: ORD-1011 | B14: 45782 | C14: West | D14: A. Shah | E14: Widget-A | F14: 75 | G14: 19.99 | H14: 0.04 | I14: =F14*G14*(1-H14) | J14: Pending
A15: ORD-1012 | B15: 45799 | C15: East | D15: J. Kim | E15: Widget-B | F15: 110 | G15: 29.5 | H15: 0.05 | I15: =F15*G15*(1-H15) | J15: Closed

Sheet Monthly_Summary
A1: Monthly Revenue Summary
A3: Month | B3: Orders | C3: GrossRevenue | D3: ClosedRevenue | E3: Target | F3: Variance
A4: Jan | B4: =COUNTIFS(Orders!B:B,">="&DATE(2025,1,1),Orders!B:B,"<"&DATE(2025,2,1)) | C4: =SUMIFS(Orders!I:I,Orders!B:B,">="&DATE(2025,1,1),Orders!B:B,"<"&DATE(2025,2,1)) | D4: =SUMIFS(Orders!I:I,Orders!B:B,">="&DATE(2025,1,1),Orders!B:B,"<"&DATE(2025,2,1),Orders!J:J,"Closed") | E4: 3500 | F4: =D4-E4
A5: Feb | B5: =COUNTIFS(Orders!B:B,">="&DATE(2025,2,1),Orders!B:B,"<"&DATE(2025,3,1)) | C5: =SUMIFS(Orders!I:I,Orders!B:B,">="&DATE(2025,2,1),Orders!B:B,"<"&DATE(2025,3,1)) | D5: =SUMIFS(Orders!I:I,Orders!B:B,">="&DATE(2025,2,1),Orders!B:B,"<"&DATE(2025,3,1),Orders!J:J,"Closed") | E5: 7000 | F5: =D5-E5
A6: Mar | B6: =COUNTIFS(Orders!B:B,">="&DATE(2025,3,1),Orders!B:B,"<"&DATE(2025,4,1)) | C6: =SUMIFS(Orders!I:I,Orders!B:B,">="&DATE(2025,3,1),Orders!B:B,"<"&DATE(2025,4,1)) | D6: =SUMIFS(Orders!I:I,Orders!B:B,">="&DATE(2025,3,1),Orders!B:B,"<"&DATE(2025,4,1),Orders!J:J,"Closed") | E6: 6500 | F6: =D6-E6
A7: Apr | B7: =COUNTIFS(Orders!B:B,">="&DATE(2025,4,1),Orders!B:B,"<"&DATE(2025,5,1)) | C7: =SUMIFS(Orders!I:I,Orders!B:B,">="&DATE(2025,4,1),Orders!B:B,"<"&DATE(2025,5,1)) | D7: =SUMIFS(Orders!I:I,Orders!B:B,">="&DATE(2025,4,1),Orders!B:B,"<"&DATE(2025,5,1),Orders!J:J,"Closed") | E7: 8000 | F7: =D7-E7
A8: May | B8: =COUNTIFS(Orders!B:B,">="&DATE(2025,5,1),Orders!B:B,"<"&DATE(2025,6,1)) | C8: =SUMIFS(Orders!I:I,Orders!B:B,">="&DATE(2025,5,1),Orders!B:B,"<"&DATE(2025,6,1)) | D8: =SUMIFS(Orders!I:I,Orders!B:B,">="&DATE(2025,5,1),Orders!B:B,"<"&DATE(2025,6,1),Orders!J:J,"Closed") | E8: 9000 | F8: =D8-E8
A9: Jun | B9: =COUNTIFS(Orders!B:B,">="&DATE(2025,6,1),Orders!B:B,"<"&DATE(2025,7,1)) | C9: =SUMIFS(Orders!I:I,Orders!B:B,">="&DATE(2025,6,1),Orders!B:B,"<"&DATE(2025,7,1)) | D9: =SUMIFS(Orders!I:I,Orders!B:B,">="&DATE(2025,6,1),Orders!B:B,"<"&DATE(2025,7,1),Orders!J:J,"Closed") | E9: 10000 | F9: =D9-E9
A11: YTD Closed Revenue | B11: =SUM(D4:D9)

Sheet Inventory
A1: SKU | B1: Category | C1: OnHand | D1: ReorderPoint | E1: ReorderFlag | F1: LastCounted | G1: Warehouse
A2: SKU-001 | B2: Widgets | C2: 44 | D2: 50 | E2: =IF(C2="","UNKNOWN",IF(C2<=D2,"REORDER","OK")) | F2: 45778 | G2: WH-A
A3: SKU-002 | B3: Widgets | C3: 120 | D3: 80 | E3: =IF(C3="","UNKNOWN",IF(C3<=D3,"REORDER","OK")) | F3: 45787 | G3: WH-B
A4: SKU-003 | B4: Services | D4: 0 | E4: =IF(C4="","UNKNOWN",IF(C4<=D4,"REORDER","OK")) | G4: N/A
A5: SKU-004 | B5: Bundles | C5: 7 | D5: 20 | E5: =IF(C5="","UNKNOWN",IF(C5<=D5,"REORDER","OK")) | F5: 45769 | G5: WH-A
A6: SKU-005 | B6: Widgets | C6: 0 | D6: 25 | E6: =IF(C6="","UNKNOWN",IF(C6<=D6,"REORDER","OK")) | F6: 45795 | G6: WH-C
A7: SKU-006 | B7: Legacy | C7: 16 | D7: 16 | E7: =IF(C7="","UNKNOWN",IF(C7<=D7,"REORDER","OK")) | F7: 45700 | G7: WH-OLD
A9: Note: | B9: Includes missing and legacy records for edge-case testing.

Sheet Meta_Config
A1: key | B1: value
A2: source_system | B2: ERP-42
A3: extract_date | B3: 2026-05-22
A4: currency | B4: USD
A5: owner_email | B5: analytics@example.com
